survived,pclass,age,sibsp,parch,fare,adult_male,alone
1.0,-0.33848103596101514,-0.06491041993052588,-0.035322498885735576,0.08162940708348335,0.2573065223849626,-0.5570800422053257,-0.20336708569989173
-0.33848103596101514,1.0,-0.33989832839258594,0.08308136284568686,0.018442671310748508,-0.5494996199439076,0.09403504971590522,0.13520715256449053
-0.06491041993052588,-0.33989832839258594,1.0,-0.23329633125248891,-0.17248195403694871,0.0966884221803649,0.247703756223725,0.17164748798378504
-0.035322498885735576,0.08308136284568686,-0.23329633125248891,1.0,0.41483769862015624,0.159651043242161,-0.2535856821618127,-0.5844711694024876
0.08162940708348335,0.018442671310748508,-0.17248195403694871,0.41483769862015624,1.0,0.21622494477076448,-0.3499427513001228,-0.5833976837814463
0.2573065223849626,-0.5494996199439076,0.0966884221803649,0.159651043242161,0.21622494477076448,1.0,-0.1820237300805977,-0.27183235810610834
-0.5570800422053257,0.09403504971590522,0.247703756223725,-0.2535856821618127,-0.3499427513001228,-0.1820237300805977,1.0,0.404743868951804
-0.20336708569989173,0.13520715256449053,0.17164748798378504,-0.5844711694024876,-0.5833976837814463,-0.27183235810610834,0.404743868951804,1.0
